topic,question,optionA,optionB,optionC,optionD,correctIndex,explanation,difficulty
Algebra - Exponent Rules,Which of the following correctly represents the rule a^(b+c)?,a^b + a^c,a^b × a^c,(a^b)^c,a^(b×c),1,"By definition of exponentiation, a^(b+c) means concatenating the multiplication strings, which equals a^b × a^c. For example: 3^(4+2) = 3^6 = (3×3×3×3)×(3×3) = 3^4 × 3^2",easy
Algebra - Exponent Rules,What is (ab)^c equal to?,a^c + b^c,a^c × b^c,a^(bc),(a+b)^c,1,(ab)^c = a^c × b^c. Example: (2×3)^4 = (2×3)×(2×3)×(2×3)×(2×3) = (2×2×2×2)×(3×3×3×3) = 2^4 × 3^4,easy
Algebra - Exponent Rules,Is the statement a^b · b^c = (a^b)^c true in general?,"Yes, always true","No, it's false",Only true when a = b,Only true when c = 1,1,"This is false. Counterexample: Let a=2, b=3, c=4. Left side: 2^3 · 3^4 = 8 · 81 = 648. Right side: (2^3)^4 = 2^12 = 4096. Since 648 ≠ 4096, the statement is false.",medium
Algebra - Fractional Exponents,What does a^(-1/n) represent?,a^n,1/(n-th root of a),-a^(1/n),n/a,1,"a^(-1/n) = 1/a^(1/n) = 1/(n-th root of a). Negative exponent means reciprocal, and fractional exponent 1/n means n-th root.",medium
Algebra - Square Root,What is √(x²) equal to?,x,-x,|x| (absolute value of x),±x,2,"√(x²) = |x|. The radical symbol √ represents the principal (non-negative) square root. For example: √((-3)²) = √9 = 3 = |-3|, not -3.",medium
Algebra - Binomial Formula,What is (a+b)² equal to?,a² + b²,a² + 2ab + b²,a² - 2ab + b²,(a+b)(a-b),1,(a+b)² = a² + 2ab + b². This can be proven geometrically by dividing a square with side (a+b) into four regions: two squares (a² and b²) and two rectangles (each ab).,easy
Geometry - Pythagorean Theorem,"In a right triangle with legs a and b and hypotenuse c, what is the relationship?",a + b = c,a² + b² = c²,a² - b² = c²,a + b = c²,1,The Pythagorean Theorem states a² + b² = c². This can be proven by arranging four identical right triangles in two different ways within a square.,easy
Trigonometry - Unit Circle,"On the unit circle, what do the coordinates (cos θ, sin θ) represent?",The angle θ in degrees,The point on the circle at angle θ from the positive x-axis,The radius of the circle,The tangent of angle θ,1,"For any angle θ measured counterclockwise from the positive x-axis, the point on the unit circle has coordinates (cos θ, sin θ). This is the geometric definition of sine and cosine.",easy
Trigonometry - Radians,How many radians are in a full circle?,π,2π,π/2,360,1,"A full circle is 2π radians (or 360°). In a unit circle, the radian measure equals the arc length, so circumference 2πr = 2π(1) = 2π radians.",easy
Trigonometry - Angles,"What is 3π/2 radians in degrees, and where is it on the unit circle?",90° on positive y-axis,180° on negative x-axis,270° on negative y-axis,360° on positive x-axis,2,"3π/2 = (3/2) × 180° = 270°. This is three-quarters of a full circle, located on the negative y-axis with coordinates (0, -1).",medium
Trigonometry - Function Properties,What is the period of sin(x) and cos(x)?,π,2π,π/2,4π,1,Both sine and cosine have a period of 2π. This means sin(x + 2π) = sin(x) and cos(x + 2π) = cos(x) for all x. The graphs repeat every 2π units.,easy
Trigonometry - Zeros,Where are the zeros of sin(x)?,x = nπ (integer multiples of π),x = π/2 + nπ,x = 2nπ,x = π/4 + nπ,0,"sin(x) = 0 when x = nπ for any integer n (0, ±π, ±2π, ...). These are points where the y-coordinate on the unit circle is zero.",medium
Trigonometry - Tangent,What is the period of tan(x)?,π/2,π,2π,3π,1,tan(x) has period π (not 2π like sine and cosine). This is because tan(x + π) = sin(x + π)/cos(x + π) = (-sin x)/(-cos x) = sin x/cos x = tan(x).,medium
Trigonometry - Tangent Asymptotes,Where does tan(x) have vertical asymptotes?,x = nπ,x = π/2 + nπ (odd multiples of π/2),x = 2nπ,Nowhere,1,"tan(x) = sin(x)/cos(x) is undefined when cos(x) = 0, which occurs at x = π/2 + nπ (π/2, 3π/2, 5π/2, ...). These are the vertical asymptotes.",medium
Complex Numbers - Complex Plane,"In the complex plane, where are all real numbers located?",On the imaginary axis,On the real axis (horizontal axis),In the first quadrant only,At the origin,1,"Real numbers x are represented as x + 0i, so their imaginary part is zero. This means they all lie on the horizontal axis (real axis) of the complex plane.",easy
Complex Numbers - Arithmetic,How do you divide complex numbers in rectangular form?,Divide real and imaginary parts separately,Multiply numerator and denominator by the conjugate of the denominator,Convert to polar form first,Use the quadratic formula,1,"To divide z₁/z₂, multiply both numerator and denominator by the conjugate of z₂. This eliminates the imaginary part from the denominator, making calculation easier.",medium
Complex Numbers - Modulus,What does |z| represent for a complex number z = x + yi?,x + y,√(x² + y²),x² + y²,x - y,1,"|z| = √(x² + y²) is the modulus (or absolute value) of z. Geometrically, it represents the distance from the origin to the point (x,y) in the complex plane.",easy
Complex Numbers - Polar Form,"In polar form z = r(cos θ + i sin θ), what does r represent?",The angle (argument),The modulus (distance from origin),The real part,The imaginary part,1,"In polar form, r is the modulus |z| = √(x² + y²), which is the distance from the origin. θ is the argument (angle from positive real axis).",easy
Complex Numbers - De Moivre's Theorem,How do you find the n-th roots of a complex number using De Moivre's Theorem?,Raise it to the power 1/n,"Take n-th root of modulus and divide argument by n, with k = 0,1,...,n-1",Multiply modulus by n and argument by n,Use the quadratic formula,1,"For z = r(cos θ + i sin θ), the n-th roots are: z_k = ⁿ√r(cos((θ+2πk)/n) + i sin((θ+2πk)/n)) for k = 0, 1, ..., n-1. This gives n equally spaced roots on a circle.",hard
Complex Numbers - Conjugate,What is z · z̄ (complex number times its conjugate)?,0,|z|² (modulus squared),2z,z²,1,"For z = x + yi, z̄ = x - yi, so z·z̄ = (x+yi)(x-yi) = x² - (yi)² = x² + y² = |z|². This is always a non-negative real number.",medium
Vectors - Dot Product,"What is the dot product ⃗a · ⃗b for vectors ⃗a = <3,2> and ⃗b = <-4,3>?",5,-6,-12,18,1,⃗a · ⃗b = (3)(-4) + (2)(3) = -12 + 6 = -6. The dot product multiplies corresponding components and sums the results.,easy
Vectors - Magnitude,"What is the magnitude of vector ⃗v = <-4, 3>?",1,5,7,25,1,|⃗v| = √((-4)² + 3²) = √(16 + 9) = √25 = 5. The magnitude is calculated using the Pythagorean theorem.,easy
Vectors - Orthogonality,When are two non-zero vectors orthogonal (perpendicular)?,When their sum is zero,When their dot product is zero,When their cross product is zero,When their magnitudes are equal,1,Two non-zero vectors are orthogonal if and only if their dot product equals zero: ⃗a · ⃗b = 0. This is the algebraic condition for perpendicularity.,medium
Vectors - Cross Product,What is a key property of the cross product ⃗a × ⃗b?,It equals the dot product,It is parallel to both ⃗a and ⃗b,It is perpendicular to both ⃗a and ⃗b,It has magnitude 1,2,The cross product ⃗a × ⃗b produces a vector that is perpendicular (orthogonal) to both ⃗a and ⃗b. This is a defining characteristic of the cross product.,medium
Vectors - Parallel Vectors,How do you find a unit vector in the direction of ⃗v?,⃗v + 1,⃗v / |⃗v|,⃗v²,|⃗v| · ⃗v,1,The unit vector in direction of ⃗v is û = ⃗v/|⃗v|. Dividing by the magnitude scales the vector to length 1 while preserving direction.,medium
Vectors - Projection,What is the formula for orthogonal projection of ⃗x onto line spanned by ⃗u?,⃗x · ⃗u,(⃗u · ⃗x / ⃗u · ⃗u) ⃗u,⃗x × ⃗u,⃗x + ⃗u,1,The orthogonal projection is: proj_⃗u(⃗x) = (⃗u·⃗x / ⃗u·⃗u)⃗u. This gives the point on the line closest to ⃗x.,hard
Mathematical Reasoning - Fallacies,What is wrong with: -1 = √((-1)²) = √1 = 1?,"Nothing, -1 = 1 is correct","√(x²) = |x|, not x, so √((-1)²) = 1, not -1",You can't square negative numbers,The square root of 1 is ±1,1,"The error is in assuming √((-1)²) = -1. Actually, √(x²) = |x| (absolute value) because √ denotes the principal (non-negative) square root. So √((-1)²) = √1 = 1.",medium
Mathematical Reasoning - Division by Zero,Why can't we divide by zero?,It's just a rule with no reason,Because division by zero is undefined - no unique value satisfies the definition,Because calculators can't do it,"We can divide by zero, the result is infinity",1,"Division by zero is undefined because there's no unique number that satisfies the definition. If a/0 = b, then a = b×0 = 0, which only works if a=0, but then any b works!",medium
Complex Numbers - Roots of Unity,How many 4th roots does any non-zero complex number have?,1,2,4,Infinite,2,"Every non-zero complex number has exactly n distinct n-th roots (4 fourth roots, 3 cube roots, etc.). These are equally spaced around a circle in the complex plane.",medium
Trigonometry - Special Values,What is cos(π)?,0,1,-1,√2/2,2,"cos(π) = -1. At angle π (180°), the point on the unit circle is (-1, 0), so the x-coordinate (cosine) is -1.",easy
Zahlenlehre - Ganze Zahlen und Brüche,Vereinfachen Sie den Bruch 15/20.,3/4,5/4,3/5,15/20,0,"Zähler und Nenner werden durch ihren größten gemeinsamen Teiler (ggT), hier 5, dividiert. 15:5=3 und 20:5=4.",easy
Zahlenlehre - Ganze Zahlen und Brüche,Was ist die Primfaktorzerlegung von 180?,23310,22335,2356,4335,1,"Man teilt 180 systematisch durch Primzahlen: 180:2=90, 90:2=45, 45:3=15, 15:3=5, 5:5=1. Die Primfaktoren sind 2, 2, 3, 3, 5.",easy
Zahlenlehre - Ganze Zahlen und Brüche,Berechnen Sie 3/5 * 10/9.,30/45,2/3,1/3,6/9,1,Das Produkt zweier Brüche ist das Produkt der Zähler geteilt durch das Produkt der Nenner: (310)/(59) = 30/45. Gekürzt ergibt das 2/3.,easy
Zahlenlehre - Ganze Zahlen und Brüche,Wie lautet der Kehrwert des Bruches 7/13?,13/7,-7/13,7/13,1/7,0,"Den Kehrwert eines Bruches erhält man, indem man Zähler und Nenner vertauscht.",easy
Zahlenlehre - Ganze Zahlen und Brüche,Was bedeutet 'Teilen durch einen Bruch'?,Multiplikation mit dem Zähler,Subtraktion des Bruches,Multiplikation mit dem Kehrwert,Division durch den Zähler,2,Teilen durch einen Bruch bedeutet Multiplikation mit seinem Kehrwert.,easy
Zahlenlehre - Ganze Zahlen und Brüche,Was ist das kleinste gemeinsame Vielfache (kgV) von 6 und 9?,18,36,54,3,0,"Die Vielfachen von 6 sind 6, 12, 18, 24... Die Vielfachen von 9 sind 9, 18, 27... Das kleinste gemeinsame Vielfache ist 18.",easy
Zahlenlehre - Ganze Zahlen und Brüche,Berechnen Sie 5/13 - 12/13.,-7/13,17/13,7/13,-7/0,0,"Bei gleichnamigen Brüchen werden die Zähler subtrahiert, der Nenner bleibt gleich: 5 - 12 = -7.",easy
Zahlenlehre - Ganze Zahlen und Brüche,Welche Zahl ist eine Primzahl?,9,15,21,23,3,"Eine Primzahl ist nur durch 1 und sich selbst teilbar. 9, 15 und 21 haben weitere Teiler, 23 nicht.",easy
Zahlenlehre - Ganze Zahlen und Brüche,Was ist das Ergebnis von (2/3) / (4/9)?,3/2,8/27,2/3,1/2,0,"Man teilt durch einen Bruch, indem man mit dem Kehrwert multipliziert: 2/3 * 9/4 = 18/12 = 3/2.",easy
Zahlenlehre - Ganze Zahlen und Brüche,Berechnen Sie 1/6 + 1/9.,2/15,1/54,5/18,2/9,2,Das kgV von 6 und 9 ist 18. Die Brüche werden zu 3/18 und 2/18 erweitert. Die Summe ist 5/18.,medium
Zahlenlehre - Ganze Zahlen und Brüche,Was ist der größte gemeinsame Teiler (ggT) von 60 und 144?,6,10,12,24,2,Die Primfaktorzerlegung von 60 ist 2235 und von 144 ist 222233. Der ggT ist das Produkt der gemeinsamen Faktoren: 223 = 12.,medium
Zahlenlehre - Ganze Zahlen und Brüche,Vereinfachen Sie den Bruch 144/216.,12/18,2/3,3/4,4/5,1,Der ggT von 144 und 216 ist 72. 144/72 = 2 und 216/72 = 3. Der vereinfachte Bruch ist 2/3.,medium
Zahlenlehre - Ganze Zahlen und Brüche,Berechnen Sie 1/3 + 1/6 - 1/4.,1/8,1/5,3/12,1/4,3,"Das kgV von 3, 6 und 4 ist 12. Die Rechnung lautet 4/12 + 2/12 - 3/12 = 3/12, was gekürzt 1/4 ist.",medium
Zahlenlehre - Ganze Zahlen und Brüche,Was ist die Primfaktorzerlegung von 585?,3539,33513,5117,3195,1,"585 ist durch 3 teilbar (195), 195 ist durch 3 teilbar (65), 65 ist durch 5 teilbar (13). Also 33513.",medium
Zahlenlehre - Ganze Zahlen und Brüche,Berechnen Sie (5/9 + 3/10) / (3/4 - 8/9).,-154/25,77/5,-77/5,154/25,0,Zähler: 50/90 + 27/90 = 77/90. Nenner: 27/36 - 32/36 = -5/36. Division: (77/90) * (-36/5) = -2772/450 = -154/25.,medium
Zahlenlehre - Ganze Zahlen und Brüche,Welche rationale Zahl wird durch den Bruch -22/7 dargestellt?,ca. -3.14,Eine irrationale Zahl,Eine ganze Zahl,Eine negative rationale Zahl,3,"Ein Bruch, der aus zwei ganzen Zahlen besteht (Nenner ungleich Null), stellt per Definition eine rationale Zahl dar.",medium
Zahlenlehre - Ganze Zahlen und Brüche,"Machen Sie die Brüche 5/12, 7/18 und 3/8 gleichnamig.","30/72, 28/72, 27/72","60/144, 56/144, 54/144","15/36, 14/36, nicht möglich","5/48, 7/48, 3/48",0,"Das kgV von 12, 18 und 8 ist 72. 5/12 = 30/72, 7/18 = 28/72, 3/8 = 27/72.",medium
Zahlenlehre - Ganze Zahlen und Brüche,Berechnen Sie 2/3 + 3/10 - 2/15.,5/6,7/10,1/2,21/30,0,"Das kgV von 3, 10 und 15 ist 30. Die Rechnung ist 20/30 + 9/30 - 4/30 = 25/30, was zu 5/6 gekürzt wird.",hard
Zahlenlehre - Ganze Zahlen und Brüche,Was ist die Primfaktorzerlegung von 3003?,371113,31001,7429,37143,0,3003 ist durch 3 teilbar (1001). 1001 ist durch 7 teilbar (143). 143 ist durch 11 teilbar (13). Also 371113.,hard
Zahlenlehre - Potenzen und Wurzeln,Was ist 7^0?,7,1,0,Nicht definiert,1,Für jede Zahl a ungleich 0 gilt a^0 = 1.,easy
Zahlenlehre - Potenzen und Wurzeln,Berechnen Sie (-2)^3.,8,-8,6,-6,1,(-2)^3 = (-2) * (-2) * (-2) = 4 * (-2) = -8.,easy
Zahlenlehre - Potenzen und Wurzeln,Was ist a^-k laut Potenzgesetz?,ak,-a^k,1/a^k,k/a,2,Per Definition ist a^-k = 1/a^k für a ungleich 0.,easy
Zahlenlehre - Potenzen und Wurzeln,Vereinfachen Sie a^r * a^s.,a^(rs),a^(r+s),a^(r-s),(aa)^(r+s),1,Die Rechenregel für Potenzen besagt: a^r * a^s = a^(r+s).,easy
Zahlenlehre - Potenzen und Wurzeln,Was ist die Quadratwurzel aus 81?,9,-9,±9,81/2,0,"Die Quadratwurzel √a wird als die nicht-negative Zahl definiert, deren Quadrat gleich a ist. Somit ist √81 = 9.",easy
Zahlenlehre - Potenzen und Wurzeln,Was ist (a^r)^s?,a^(r+s),a^(rs),a^(r-s),a^(r/s),1,Die Rechenregel für Potenzen lautet (a^r)^s = a^(rs).,easy
Zahlenlehre - Potenzen und Wurzeln,Welcher Ausdruck ist äquivalent zu a^(1/2)?,a/2,a2,√a,a^2,2,Potenzen mit rationalen Exponenten sind als Wurzeln definiert: a^(1/n) = ⁿ√a. Somit a^(1/2) = √a.,easy
Zahlenlehre - Potenzen und Wurzeln,Berechnen Sie (4/9)^(-1).,9/4,-4/9,4/9,-9/4,0,"Ein negativer Exponent bedeutet, dass der Kehrwert gebildet wird: (4/9)^(-1) = 9/4.",easy
Zahlenlehre - Potenzen und Wurzeln,Was ist die 3. Wurzel aus 27?,9,3,±3,Nicht definiert,1,"Die 3. Wurzel aus a ist die Zahl w mit w³ = a. Da 3³ = 27, ist die 3. Wurzel aus 27 gleich 3.",easy
Zahlenlehre - Potenzen und Wurzeln,Was ist das Ergebnis von 5^(-2)?,-10,-25,1/25,1/10,2,"5^(-2) ist per Definition gleich 1/5^2, was 1/25 ist.",easy
Zahlenlehre - Potenzen und Wurzeln,Schreiben Sie √20 in Standardform.,4√5,2√10,2√5,√20,2,"Um die Standardform zu finden, werden Quadrate vor die Wurzel gesetzt: √20 = √(45) = √4 * √5 = 2√5.",medium
Zahlenlehre - Potenzen und Wurzeln,Berechnen Sie (5/3)^(-3).,125/27,-125/27,27/125,-27/125,2,(5/3)^(-3) = (3/5)^3 = 3^3 / 5^3 = 27/125.,medium
Zahlenlehre - Potenzen und Wurzeln,Vereinfachen Sie den Ausdruck a^(3/2) * a^(-1/2).,a,a^2,a^(-3/4),a^(1/2),0,Nach den Potenzgesetzen werden die Exponenten addiert: 3/2 + (-1/2) = 2/2 = 1. Das Ergebnis ist a^1 = a.,medium
Zahlenlehre - Potenzen und Wurzeln,Schreiben Sie 7^(3/2) als Wurzelausdruck.,(√7)^2,√7^3,³√7,7/√2,1,a^(m/n) = ⁿ√a^m. Also ist 7^(3/2) = √7^3. Dies kann weiter zu 7√7 vereinfacht werden.,medium
Zahlenlehre - Potenzen und Wurzeln,Was ist die Standardform von √63?,9√7,3√7,7√9,Nicht vereinfachbar,1,63 kann als 9 * 7 geschrieben werden. Daher ist √63 = √(97) = √9 * √7 = 3√7.,medium
Zahlenlehre - Potenzen und Wurzeln,Berechnen Sie ((√3)/2)^2.,3/4,9/4,3/2,√3/4,0,((√3)/2)^2 = (√3)^2 / 2^2 = 3/4.,medium
Zahlenlehre - Potenzen und Wurzeln,Was ist die 3. Wurzel aus -8?,2,Nicht definiert,-2,±2,2,"Die 3. Wurzel kann auch aus negativen Zahlen gezogen werden. Da (-2)³ = -8, ist die 3. Wurzel aus -8 gleich -2.",medium
Zahlenlehre - Potenzen und Wurzeln,Welcher Ausdruck ist äquivalent zu 1/√a?,a^(-1/2),a^(1/2),a^(-2),√a,0,Nach den Potenzgesetzen ist 1/√a = 1/a^(1/2) = a^(-1/2).,medium
Zahlenlehre - Potenzen und Wurzeln,Schreiben Sie ³√(14/75) in Standardform.,(1/15) * ³√630,2 * ³√(3/5),Nicht vereinfachbar,(1/5) * ³√(14/3),0,Der Nenner wird zu einer dritten Potenz gemacht: ³√(143²5 / (35²3²5)) = ³√(630 / 15³) = (1/15) * ³√630.,hard
Zahlenlehre - Potenzen und Wurzeln,Vereinfachen Sie (2 * ³√4) * (5 * ⁴√8).,10 * ¹²√(2^17),10 * ¹²√32,10 * ⁷√12,Nicht vereinfachbar,0,Schreibe als Potenzen: 22^(2/3) * 52^(3/4) = 10 * 2^(2/3 + 3/4) = 10 * 2^(8/12 + 9/12) = 10 * 2^(17/12) = 10 * ¹²√(2^17).,hard
Zahlenlehre - Komplexe Zahlen,Was ist der Wert von i^2?,1,-1,i,-i,1,Die imaginäre Einheit i ist definiert durch die Eigenschaft i^2 = -1.,easy
Zahlenlehre - Komplexe Zahlen,Was ist die Summe der komplexen Zahlen (2 + 3i) und (4 - i)?,6 + 4i,6 - 2i,6 + 2i,2 + 2i,2,Real- und Imaginärteile werden getrennt addiert: (2+4) + (3-1)i = 6 + 2i.,easy
Zahlenlehre - Komplexe Zahlen,Wie lautet die konjugiert komplexe Zahl zu z = a + bi?,a - bi,-a + bi,-a - bi,b + ai,0,Die konjugiert komplexe Zahl z̄ zu z = a + bi ist definiert als z̄ = a - bi.,easy
Zahlenlehre - Komplexe Zahlen,Welche Zahl ist der Realteil von z = 5 - 7i?,5,-7,7,5i,0,Für eine komplexe Zahl z = a + bi ist a der Realteil. Hier ist a = 5.,easy
Zahlenlehre - Komplexe Zahlen,Welche Zahl ist der Imaginärteil von z = 5 - 7i?,5,-7,7,-7i,1,Für eine komplexe Zahl z = a + bi ist b der Imaginärteil. Hier ist b = -7.,easy
Zahlenlehre - Komplexe Zahlen,Was ist der Betrag |z| einer komplexen Zahl z = a + bi?,a + b,a^2 + b^2,√(a^2 + b^2),√(a+b),2,Der Betrag |z| ist definiert als |z| = √(a^2 + b^2).,easy
Zahlenlehre - Komplexe Zahlen,Berechnen Sie das Produkt (3 + 2i) * i.,-2 + 3i,3i + 2,-3 + 2i,3 - 2i,0,(3 + 2i) * i = 3i + 2ii = 3i + 2*(-1) = -2 + 3i.,medium
Zahlenlehre - Komplexe Zahlen,Berechnen Sie den Betrag von z = 3 + 4i.,5,7,25,√7,0,|z| = √(3^2 + 4^2) = √(9 + 16) = √25 = 5.,medium
Zahlenlehre - Komplexe Zahlen,Was ist das Ergebnis von (1 + i)^2?,2i,-2i,1+i^2,0,0,(1 + i)^2 = 1^2 + 21i + i^2 = 1 + 2i - 1 = 2i.,medium
Zahlenlehre - Komplexe Zahlen,Berechnen Sie (2+i) * (3-2i).,6 - 2i,4 - i,8 - i,8 + i,2,(2+i)(3-2i) = 23 - 22i + i3 - i2i = 6 - 4i + 3i - 2*(-1) = 6 - i + 2 = 8 - i.,medium
Algebra - Grundlagen,Welche Operation hat nach den Prioritätsregeln Vorrang?,Addition vor Multiplikation,Multiplikation vor Potenzierung,Klammern vor allem anderen,Subtraktion vor Division,2,"Klammern haben die höchste Priorität, gefolgt von Potenzen, dann Punktrechnung (Multiplikation/Division) und schließlich Strichrechnung (Addition/Subtraktion).",easy
Algebra - Grundlagen,Lösen Sie die Klammer auf: 3(2a + 5).,6a + 5,5a + 8,6a + 15,2a + 15,2,Nach dem Distributivgesetz wird jeder Term in der Klammer mit dem Faktor multipliziert: 32a + 35 = 6a + 15.,easy
Algebra - Grundlagen,Klammern Sie den gemeinsamen Faktor aus: 3a + 12.,3(a + 4),a(3 + 12),3(a + 12),15a,0,Der größte gemeinsame Teiler von 3a und 12 ist 3. Daher 3a + 12 = 3(a + 4).,easy
Algebra - Grundlagen,Was ist die Bedeutung von 2ab?,2+a+b,2ab,2a+b,2(a+b),1,In der Algebra wird das Multiplikationszeichen oft weggelassen. 2ab bedeutet 2 * a * b.,easy
Algebra - Grundlagen,Berechnen Sie 9 + 14 : 7.,23/7,3,11,16,2,Gemäß den Prioritätsregeln (Punkt- vor Strichrechnung) wird zuerst dividiert: 14 : 7 = 2. Dann wird addiert: 9 + 2 = 11.,easy
Algebra - Grundlagen,Vereinfachen Sie den Ausdruck 3a(4b-2c) + 2b(a-3c).,14ab - 6ac - 6bc,12ab - 6ac + 2ab + 6bc,14ab - 6ac + 6bc,12ab - 12bc,0,Ausmultiplizieren: 12ab - 6ac + 2ab - 6bc. Zusammenfassen: (12ab+2ab) - 6ac - 6bc = 14ab - 6ac - 6bc.,easy
Algebra - Grundlagen,Lösen Sie die Klammern auf: -5(3a - 2).,-15a - 10,-15a - 2,-15a + 10,15a + 10,2,-5 * 3a = -15a und -5 * (-2) = +10. Das Ergebnis ist -15a + 10.,easy
Algebra - Grundlagen,Was ist das Ergebnis von a - b + c gemäß den Prioritätsregeln?,a - (b + c),(a - b) + c,a - b + c (nicht eindeutig),a + (c - b),1,Addition und Subtraktion haben die gleiche Priorität und werden von links nach rechts ausgeführt: (a - b) + c.,easy
Algebra - Grundlagen,Klammern Sie den größtmöglichen Faktor aus: 15a^2b + 5ab^3.,5ab(3a + b^2),5ab(3a + b),5a(3ab + b^3),ab(15a + 5b^2),0,Der ggT der Terme ist 5ab. Ausklammern ergibt 5ab(3a + b^2).,medium
Algebra - Grundlagen,Vereinfachen Sie: 4a(b+c) - 5a(2b-3c).,-6ab + 19ac,-6ab - 11ac,14ab - 11ac,ab + 19ac,0,Ausmultiplizieren: 4ab + 4ac - 10ab + 15ac. Zusammenfassen: (4ab-10ab) + (4ac+15ac) = -6ab + 19ac.,medium
Algebra - Grundlagen,Was besagt die 'Bananenformel' (a+b)(c+d)?,ac + bd,ad + bc,(a+b)c + (a+b)d,ac + ad + bc + bd,3,Die 'Bananenformel' ist eine Eselsbrücke für das Ausmultiplizieren zweier Binome: (a+b)(c+d) = ac + ad + bc + bd.,medium
Algebra - Grundlagen,Klammern Sie den gemeinsamen Ausdruck aus: a(b+3) + 3(b+3).,(a+3)(b+3),3a(b+3),a(b+3)^2,3b+3a,0,"Der gemeinsame Ausdruck (b+3) kann ausgeklammert werden, was (a+3)(b+3) ergibt.",medium
Algebra - Grundlagen,Vereinfachen Sie: 2a(a+6) - 4(a+2).,2a^2 + 8a - 8,2a^2 + 12a - 8,2a^2 + 8a + 8,2a^2 - 2a - 4,0,2a^2 + 12a - 4a - 8 = 2a^2 + 8a - 8.,medium
Algebra - Grundlagen,Vereinfachen Sie (3a+2b)(a-4b).,3a^2 - 8b^2,3a^2 - 10ab - 8b^2,3a^2 - 14ab - 8b^2,3a^2 + 10ab - 8b^2,1,(3a)(a) + (3a)(-4b) + (2b)(a) + (2b)(-4b) = 3a^2 - 12ab + 2ab - 8b^2 = 3a^2 - 10ab - 8b^2.,medium
Algebra - Grundlagen,Klammern Sie den gemeinsamen Faktor aus: -4a^2b^3c^2 + 2a^2b^2c^2 - 6a^2bc^2.,-2a^2bc^2(2b^2 - b + 3),-2abc(2ab^2c - abc + 3c),2a^2bc^2(-2b^2 + b - 3),-2a^2b(2b^2c^2 - bc^2 + 3c^2),0,Der größte gemeinsame Faktor ist -2a^2bc^2. Ausklammern ergibt -2a^2bc^2(2b^2 - b + 3).,medium
Algebra - Binomische Formeln,Wie lautet die erste binomische Formel für (a+b)^2?,a^2 + b^2,a^2 - 2ab + b^2,a^2 + 2ab + b^2,a^2 - b^2,2,Die erste binomische Formel lautet (a+b)^2 = a^2 + 2ab + b^2.,easy
Algebra - Binomische Formeln,Wie lautet die dritte binomische Formel für (a+b)(a-b)?,a^2 + b^2,a^2 - 2ab + b^2,a^2 + 2ab + b^2,a^2 - b^2,3,Die dritte binomische Formel lautet (a+b)(a-b) = a^2 - b^2.,easy
Algebra - Binomische Formeln,Berechnen Sie (x+6)^2.,x^2 + 36,x^2 + 6x + 36,x^2 + 12x + 36,x^2 + 12,2,Mit der ersten binomischen Formel: x^2 + 2x6 + 6^2 = x^2 + 12x + 36.,easy
Algebra - Binomische Formeln,Berechnen Sie (y-2)^2.,y^2 - 4,y^2 - 4y + 4,y^2 + 4y + 4,y^2 - 2y + 4,1,Mit der zweiten binomischen Formel: y^2 - 2y2 + 2^2 = y^2 - 4y + 4.,easy
Algebra - Binomische Formeln,Faktorisieren Sie x^2 - 9.,(x-3)^2,(x+3)(x-3),(x+3)^2,(x-9)(x+1),1,Mit der dritten binomischen Formel (rückwärts): x^2 - 3^2 = (x+3)(x-3).,easy
Algebra - Binomische Formeln,Berechnen Sie (2a+5)^2.,4a^2 + 25,4a^2 + 10a + 25,2a^2 + 20a + 25,4a^2 + 20a + 25,3,(2a)^2 + 2*(2a)5 + 5^2 = 4a^2 + 20a + 25.,easy
Algebra - Binomische Formeln,Faktorisieren Sie 4a^2 - 9b^2.,(2a-3b)^2,(2a+3b)(2a-3b),(4a-9b)(a+b),(2a-3b)(2a-3b),1,Dies ist die Form (2a)^2 - (3b)^2. Die Faktorisierung ist (2a+3b)(2a-3b).,easy
Algebra - Binomische Formeln,Wie lautet die Formel für (a+b)^3?,a^3 + b^3,a^3 + a^2b + ab^2 + b^3,a^3 + 3a^2b + 3ab^2 + b^3,a^3 + 2a^2b + 2ab^2 + b^3,2,Durch Ausmultiplizieren von (a+b)(a+b)^2 erhält man a^3 + 3a^2b + 3ab^2 + b^3.,easy
Algebra - Binomische Formeln,Berechnen Sie (x+1)(x-1).,x^2+1,x^2-1,x^2-2x+1,x^2+2x+1,1,Anwendung der dritten binomischen Formel: x^2 - 1^2 = x^2 - 1.,easy
Algebra - Binomische Formeln,Was ist (a-b)^2 - (a+b)^2?,0,-4ab,4ab,2a^2 - 2b^2,1,(a^2 - 2ab + b^2) - (a^2 + 2ab + b^2) = a^2 - 2ab + b^2 - a^2 - 2ab - b^2 = -4ab.,easy
Algebra - Binomische Formeln,Faktorisieren Sie a^2 + 10a + 25.,(a+5)^2,(a+10)(a+2.5),(a+25)(a+1),(a+5)(a-5),0,Dies ist die Struktur von a^2 + 2ab + b^2 mit a=a und b=5. Also (a+5)^2.,medium
Algebra - Binomische Formeln,Berechnen Sie (3a-6)^2.,9a^2 - 36,9a^2 - 18a + 36,9a^2 - 36a + 36,3a^2 - 36a + 36,2,(3a)^2 - 2(3a)6 + 6^2 = 9a^2 - 36a + 36.,medium
Algebra - Binomische Formeln,Faktorisieren Sie 8a^2 - 50.,2(4a^2-25),2(2a-5)^2,8(a^2-6.25),2(2a-5)(2a+5),3,Zuerst 2 ausklammern: 2(4a^2 - 25). Dann die dritte binomische Formel anwenden: 2((2a)^2 - 5^2) = 2(2a-5)(2a+5).,medium
Algebra - Binomische Formeln,Berechnen Sie (2a+5b)^2.,4a^2+25b^2,4a^2+10ab+25b^2,4a^2+20ab+25b^2,2a^2+20ab+5b^2,2,(2a)^2 + 2(2a)(5b) + (5b)^2 = 4a^2 + 20ab + 25b^2.,medium
Algebra - Binomische Formeln,Wie lautet die Formel für (a+b)^4?,a^4+4a^3b+6a^2b^2+4ab^3+b^4,a^4+b^4,a^4+2a^2b^2+b^4,(a^2+b^2)^2,0,"Die Koeffizienten entsprechen der vierten Zeile des Pascalschen Dreiecks (1, 4, 6, 4, 1).",medium
Algebra - Binomische Formeln,Vereinfachen Sie (a+3)^2 - (a+2)^2.,2a+5,1,2a-5,5,0,Mit der 3. binomischen Formel: ((a+3)-(a+2))((a+3)+(a+2)) = (1)(2a+5) = 2a+5.,medium
Algebra - Binomische Formeln,Faktorisieren Sie a^4 - b^4.,(a^2-b^2)^2,(a-b)^4,(a^2+b^2)(a-b)(a+b),(a^2+b^2)(a^2-b^2),2,Zuerst als (a^2)^2 - (b^2)^2 = (a^2-b^2)(a^2+b^2). Dann (a^2-b^2) weiter faktorisieren zu (a-b)(a+b).,medium
Algebra - Binomische Formeln,Berechnen Sie (a^2+b)(a^2-b).,a^4 - b^2,a^4 + b^2,a^2 - b^2,(a^2-b)^2,0,Anwendung der dritten binomischen Formel mit a_neu = a^2 und b_neu = b ergibt (a^2)^2 - b^2 = a^4 - b^2.,medium
Algebra - Binomische Formeln,Faktorisieren Sie 256a^8 - b^8 vollständig in reellen Zahlen.,(16a^4-b^4)(16a^4+b^4),(4a^2-b^2)(4a^2+b^2)(16a^4+b^4),(2a-b)(2a+b)(4a^2+b^2)(16a^4+b^4),(16a⁴+b⁴)(4a²+b²)(2a+b)(2a-b),2,256a^8-b^8 = (16a^4-b^4)(16a^4+b^4) = (4a^2-b^2)(4a^2+b^2)(16a^4+b^4) = (2a-b)(2a+b)(4a^2+b^2)(16a^4+b^4).,hard
Algebra - Binomische Formeln,Faktorisieren Sie a^5 - a.,a(a^2+1)(a-1)(a+1),a(a^4-1),a(a^2-1)^2,a(a-1)^2(a+1)^2,0,a ausklammern: a(a^4-1). Dann a^4-1 als (a^2-1)(a^2+1) faktorisieren. Schließlich a^2-1 zu (a-1)(a+1) faktorisieren.,hard
Algebra - Bruchrechnung,Vereinfachen Sie (a^2-b^2)/(a+b).,a-b,a+b,a^2-b,a+b^2,0,Der Zähler kann mit der dritten binomischen Formel zu (a+b)(a-b) faktorisiert werden. Der Faktor (a+b) kürzt sich heraus.,easy
Algebra - Bruchrechnung,Addieren Sie a/b + c/b.,(a+c)/b,(a+c)/(2b),ac/b^2,ac/b,0,Bei gleichem Nenner werden die Zähler einfach addiert.,easy
Algebra - Bruchrechnung,Multiplizieren Sie (a/b) * (c/d).,ac/bd,ad/bc,(a+c)/(b+d),ac/(b+d),0,Zähler wird mit Zähler und Nenner mit Nenner multipliziert.,easy
Algebra - Bruchrechnung,Was ist der gemeinsame Nenner für 1/(a-1) und 1/(a+1)?,a^2-1,a^2+1,2,2a,0,"Der gemeinsame Nenner ist das Produkt der einzelnen Nenner, hier (a-1)(a+1), was nach der 3. binomischen Formel a^2-1 ist.",easy
Algebra - Bruchrechnung,Führen Sie die Subtraktion durch: a/b - b/a.,(a-b)/(ab),(a^2-b^2)/(ab),(a-b)/1,1,1,Der gemeinsame Nenner ist ab. Die Rechnung ist (a^2)/(ab) - (b^2)/(ab) = (a^2-b^2)/(ab).,easy
Algebra - Bruchrechnung,Vereinfachen Sie (4a+8b)/(a+2b).,4,4a+4b,4(a+2b),12,0,Im Zähler kann 4 ausgeklammert werden: 4(a+2b). Der Term (a+2b) kürzt sich dann heraus.,medium
Algebra - Bruchrechnung,Dividieren Sie (a/b) durch (a/c).,b/c,c/b,1,ac/b,1,"Man dividiert durch einen Bruch, indem man mit dem Kehrwert multipliziert: (a/b) * (c/a) = ac/ab = c/b.",medium
Algebra - Bruchrechnung,Addieren Sie 1/(a-1) - 1/(a+1).,0,2/(a^2-1),-2/(a^2-1),2a/(a^2-1),1,Gemeinsamer Nenner ist a^2-1. Die Rechnung ist ((a+1)-(a-1))/(a^2-1) = (a+1-a+1)/(a^2-1) = 2/(a^2-1).,medium
Algebra - Bruchrechnung,Vereinfachen Sie (x^2+2x+1)/(x+1).,x+1,x+2,x,1,0,"Der Zähler ist (x+1)^2. Ein Faktor (x+1) kürzt sich weg, es bleibt x+1.",medium
Algebra - Bruchrechnung,Führen Sie die Addition durch: x/(x-y) + y/(y-x).,1,(x+y)/(x-y),0,(x-y)/(x+y),0,"Der zweite Bruch ist äquivalent zu -y/(x-y). Die Addition ergibt (x-y)/(x-y), was zu 1 vereinfacht wird.",medium
Algebra - Bruchrechnung,Vereinfachen Sie (a^2-ab)/(b^2-ab).,-1,a/b,-a/b,(a-b)/(b-a),2,Zähler: a(a-b). Nenner: b(b-a) = -b(a-b). Nach Kürzen von (a-b) bleibt a/(-b) = -a/b.,medium
Algebra - Bruchrechnung,Vereinfachen Sie (a^3 - a) / (a^2 - 1).,a,a-1,1/a,a+1,0,Zähler: a(a^2-1) = a(a-1)(a+1). Nenner: (a-1)(a+1). Nach Kürzen der gemeinsamen Faktoren bleibt a übrig.,medium
Algebra - Bruchrechnung,Was ist der Definitionsbereich des Ausdrucks 1/(a^2-1)?,Alle reellen Zahlen,Alle reellen Zahlen außer 1,Alle reellen Zahlen außer -1,Alle reellen Zahlen außer 1 und -1,3,Der Nenner darf nicht Null werden. a^2-1 = 0 für a=1 und a=-1. Diese Werte müssen ausgeschlossen werden.,medium
Algebra - Bruchrechnung,Vereinfachen Sie ((a^2-b^2)/(ab)) / ((a-b)/b).,(a+b)/a,a+b,a/b,a-b,0,"Man teilt, indem man mit dem Kehrwert multipliziert: (a+b)(a-b)/(ab) * b/(a-b). Die Terme (a-b) und b kürzen sich. Es bleibt (a+b)/a.",hard
Algebra - Bruchrechnung,Vereinfachen Sie (a^2-b^2)/(c^2-d^2) * (c-d)/(a+b).,(a-b)/(c-d),(a-b)(c+d),(a-b)/(c+d),(a+b)/(c+d),2,Faktorisieren: ((a-b)(a+b))/((c-d)(c+d)) * (c-d)/(a+b). Kürzen von (a+b) und (c-d) ergibt (a-b)/(c+d).,hard
Gleichungen - Lineare Gleichungen,Lösen Sie die Gleichung 3x - 7 = 5.,x=4,x=-4/3,x=12,x=2/3,0,7 addieren: 3x = 12. Durch 3 teilen: x = 4.,easy
Gleichungen - Lineare Gleichungen,Was ist die Lösung von 2(x+1) = 8?,x=3,x=4,x=7,x=3.5,0,Ausmultiplizieren: 2x+2=8. 2 subtrahieren: 2x=6. Durch 2 teilen: x=3.,easy
Gleichungen - Lineare Gleichungen,Lösen Sie die Ungleichung 2x + 1 > 5.,x > 2,x < 2,x > 3,x > 4/2,0,1 subtrahieren: 2x > 4. Durch 2 teilen: x > 2.,easy
Gleichungen - Lineare Gleichungen,Lösen Sie die Ungleichung -3x + 7 > -2.,x > 3,x < -3,x < 3,x > -3,2,7 subtrahieren: -3x > -9. Durch -3 teilen und das Ungleichheitszeichen umdrehen: x < 3.,easy
Gleichungen - Lineare Gleichungen,Finden Sie x für 5x - 8 = 3x + 2.,x=5,x=3,x=-3,x=-5,0,3x subtrahieren: 2x - 8 = 2. 8 addieren: 2x = 10. Durch 2 teilen: x = 5.,easy
Gleichungen - Lineare Gleichungen,Eine lineare Gleichung hat die Form ax + b = 0. Was ist die Lösung für x?,x = b/a,x = -b/a,x = a/b,x = -a/b,1,b subtrahieren: ax = -b. Durch a teilen: x = -b/a.,easy
Gleichungen - Lineare Gleichungen,Lösen Sie 3 - 2x <= 7.,x >= -2,x <= -2,x >= 2,x <= 2,0,3 subtrahieren: -2x <= 4. Durch -2 teilen und Zeichen umdrehen: x >= -2.,easy
Gleichungen - Lineare Gleichungen,Lösen Sie die Gleichung (3x+2)/(4x-5) = 2.,x=12/5,x=-12/5,x=8/5,x=-8/5,0,"Mit (4x-5) multiplizieren: 3x+2 = 2(4x-5) = 8x-10. Umformen: 12 = 5x, also x = 12/5.",medium
Gleichungen - Lineare Gleichungen,Für welchen Wert von x ist der Ausdruck (4x-5) gleich Null?,x=5/4,x=4/5,x=-5/4,x=-4/5,0,"4x-5=0 -> 4x=5 -> x=5/4. Dies ist wichtig, um Division durch Null zu vermeiden.",medium
Gleichungen - Lineare Gleichungen,Lösen Sie die Ungleichung 5(x-2) < 2(x+1).,x < 4,x > 4,x < 3,x < 12,0,5x-10 < 2x+2. 2x subtrahieren: 3x-10 < 2. 10 addieren: 3x < 12. Durch 3 teilen: x < 4.,medium
Gleichungen - Lineare Gleichungen,Lösen Sie die Gleichung (3x-1)^2 = 4.,x = 1 oder x = -1/3,x = 1,x = -1/3,x = ±1,0,Die Wurzel ziehen: 3x-1 = 2 oder 3x-1 = -2. Fall 1: 3x=3 -> x=1. Fall 2: 3x=-1 -> x=-1/3.,medium
Gleichungen - Lineare Gleichungen,Lösen Sie die Gleichung (x+1)^2 = (2x-1)^2.,x=2,x=0,x=0 oder x=2,x=2/3,2,"Diese Gleichung ist erfüllt, wenn entweder (x+1) = (2x-1), was x=2 ergibt, oder (x+1) = -(2x-1), was 3x=0 und somit x=0 ergibt.",medium
Gleichungen - Lineare Gleichungen,Welche x erfüllen die Ungleichung -2 <= 3x+1 <= 7?,-1 <= x <= 2,-2/3 <= x <= 8/3,1 <= x <= 2,-1 <= x <= 8/3,0,1 subtrahieren: -3 <= 3x <= 6. Durch 3 teilen: -1 <= x <= 2.,medium
Gleichungen - Lineare Gleichungen,Lösen Sie die Gleichung x/2 + x/3 = 5.,x=6,x=30,x=5,x=1,0,Mit dem Hauptnenner 6 multiplizieren: 3x + 2x = 30. 5x = 30. x = 6.,medium
Gleichungen - Quadratische Gleichungen,Was ist eine quadratische Gleichung?,Eine Gleichung mit einer Unbekannten,Eine Gleichung der Form ax+b=0,Eine Gleichung der Form ax^2+bx+c=0,Eine Gleichung mit zwei Unbekannten,2,Eine quadratische Gleichung (oder Gleichung zweiten Grades) hat die allgemeine Form ax^2 + bx + c = 0 mit a ≠ 0.,easy
Gleichungen - Quadratische Gleichungen,Was sind die Lösungen von x^2 = 9?,x=3,x=-3,x=±3,x=81,2,"Die Gleichung hat zwei Lösungen, da sowohl 3^2=9 als auch (-3)^2=9 gilt.",easy
Gleichungen - Quadratische Gleichungen,Lösen Sie die Gleichung x^2 - 3x = 0.,x=3,x=0,x=0 oder x=3,x=±√3,2,"Durch Ausklammern von x erhält man x(x-3) = 0. Ein Produkt ist null, wenn einer der Faktoren null ist, also x=0 oder x-3=0.",easy
Gleichungen - Quadratische Gleichungen,Wie viele reelle Lösungen hat die Gleichung x^2 + 1 = 0?,Keine,Eine,Zwei,Unendlich viele,0,"x^2 = -1 hat keine reelle Lösung, da das Quadrat einer reellen Zahl niemals negativ sein kann.",easy
Gleichungen - Quadratische Gleichungen,Wofür steht die Diskriminante D in der abc-Formel?,b^2 - 4ac,√b^2 - 4ac,-b ± √D,2a,0,"Die Diskriminante D ist der Ausdruck unter der Wurzel in der abc-Formel, also D = b^2 - 4ac.",easy
Gleichungen - Quadratische Gleichungen,Lösen Sie x^2 + 6x + 9 = 0.,x=3,x=-3,x=±3,x=9,1,Die linke Seite ist (x+3)^2. Die Gleichung (x+3)^2 = 0 hat die einzige (doppelte) Lösung x=-3.,medium
Gleichungen - Quadratische Gleichungen,Was sind die Lösungen von x^2 - x - 2 = 0?,x=2 und x=-1,x=-2 und x=1,x=2 und x=1,x=-2 und x=-1,0,"Mit der pq-Formel (p=-1, q=-2): x = 0.5 ± √(0.25 - (-2)) = 0.5 ± √2.25 = 0.5 ± 1.5. Lösungen sind 2 und -1.",medium
Gleichungen - Quadratische Gleichungen,Wenden Sie die quadratische Ergänzung auf x^2 - 6x + 3 = 0 an. Was ist der erste Schritt?,(x-3)^2 = -3,(x-3)^2 = 6,x^2-6x = 3,x^2-6x = -3,3,"Um die linke Seite zu einem Quadrat (x-3)^2=x^2-6x+9 zu machen, bringen wir zuerst die 3 auf die andere Seite: x^2-6x = -3.",medium
Gleichungen - Quadratische Gleichungen,Lösen Sie 2x^2 + 5x - 3 = 0 mit der abc-Formel.,x=1/2 und x=-3,x=-1/2 und x=3,x=1 und x=-3/2,x=-1 und x=3/2,0,"a=2, b=5, c=-3. x = (-5 ± √(25 - 42*(-3))) / 4 = (-5 ± √49) / 4 = (-5 ± 7) / 4. Lösungen sind 2/4=1/2 und -12/4=-3.",medium
Gleichungen - Quadratische Gleichungen,Lösen Sie die Gleichung x^2 + 4x + 1 = 0 mittels quadratischer Ergänzung.,x = -2 ± √3,x = 2 ± √3,x = -2 ± √5,x = -4 ± √15,0,"x^2+4x = -1. Ergänze 4: x^2+4x+4 = 3 -> (x+2)^2 = 3. Also x+2 = ±√3, was zu x = -2 ± √3 führt.",medium
Gleichungen - Quadratische Gleichungen,Was ist die pq-Formel für eine Gleichung der Form x^2+px+q=0?,x = -p/2 ± √(p^2/4 - q),x = -p ± √(p^2 - 4q),x = (-p ± √(p^2 - 4q))/2,x = -q/2 ± √(q^2/4 - p),0,Die pq-Formel lautet x = -p/2 ± √( (p/2)^2 - q ).,medium
Gleichungen - Quadratische Gleichungen,Lösen Sie die Gleichung x - 2√x = 3.,x=9,x=1,x=9 oder x=1,Keine Lösung,0,"Setze y=√x: y^2 - 2y - 3 = 0. Lösungen für y sind 3 und -1. Da y=√x nicht negativ sein kann, ist nur y=3 gültig. Daraus folgt x = y^2 = 9.",hard
Gleichungen - Quadratische Gleichungen,Lösen Sie die biquadratische Gleichung x^4 - 6x^2 - 16 = 0.,x=±√8,x=±2√2,x=±√8 und x=±√-2,x=±2√2 und keine weitere reelle Lösung,1,"Setze y=x^2: y^2-6y-16=0. Lösungen für y sind 8 und -2. Da x^2=y, ergibt x^2=8 die Lösungen x=±√8 = ±2√2. x^2=-2 hat keine reellen Lösungen.",hard
Gleichungen - Lineare Gleichungssysteme,Wie viele Lösungen hat das System y=2x+1 und y=2x+3?,Keine,Eine,Zwei,Unendlich viele,0,"Die Geraden haben die gleiche Steigung (2), aber unterschiedliche y-Achsenabschnitte. Sie sind parallel und schneiden sich nie.",easy
Gleichungen - Lineare Gleichungssysteme,Wie nennt man ein Gleichungssystem mit mindestens einer Lösung?,Lösbar,Unlösbar,Linear,Quadratisch,0,Ein System mit einer oder unendlich vielen Lösungen wird als lösbar bezeichnet.,easy
Gleichungen - Lineare Gleichungssysteme,Ein System hat die Form: y-4z=4 und -3y+12z=-12. Was lässt sich über die Lösungen sagen?,Es gibt eine eindeutige Lösung,Es gibt keine Lösung,Es gibt unendlich viele Lösungen,Die Aussage ist nicht möglich,2,"Die zweite Gleichung ist das -3-fache der ersten. Die Gleichungen sind abhängig. Es gibt unendlich viele Lösungen, die auf einer Geraden liegen.",medium
Folgen und Reihen - Grundlagen,Wann konvergiert eine unendliche geometrische Reihe mit dem Startglied a und dem Verhältnis r?,|r| > 1,r = 1,|r| = 1,|r| < 1,3,"Eine unendliche geometrische Reihe konvergiert genau dann, wenn der Betrag des Verhältnisses r kleiner als 1 ist (-1 < r < 1).",easy
Folgen und Reihen - Grundlagen,Berechnen Sie die Summe der ersten 10 positiven ganzen Zahlen.,55,50,100,45,0,"Dies ist eine arithmetische Folge mit n=10, a1=1, an=10. Die Summenformel ist S=n/2 * (a1+an) = 10/2 * (1+10) = 5 * 11 = 55.",medium
Folgen und Reihen - Grundlagen,Berechnen Sie die Summe der Reihe 4 + 2 + 1 + 1/2 + ...,8,16,4,Die Reihe divergiert,0,Dies ist eine geometrische Reihe mit a=4 und r=1/2. Die Summe ist S = a / (1-r) = 4 / (1 - 1/2) = 4 / (1/2) = 8.,medium
Folgen und Reihen - Grundlagen,Was ist der Grenzwert der Folge an = 1/n^2 für n -> unendlich?,0,1,Unendlich,Nicht definiert,0,"Für jede Zahl p > 0 gilt, dass der Grenzwert von 1/n^p für n gegen unendlich gleich 0 ist.",medium
Folgen und Reihen - Grundlagen,Die periodische Dezimalzahl 0.333... kann als geometrische Reihe geschrieben werden. Was ist der Wert als Bruch?,1/3,3/10,33/100,1/9,0,Die Reihe ist 0.3 + 0.03 + 0.003 + ... mit a=0.3 und r=0.1. Die Summe ist a/(1-r) = 0.3/(1-0.1) = 0.3/0.9 = 3/9 = 1/3.,medium
Folgen und Reihen - Grundlagen,Was ist die Summenformel für die Summe der ersten n Glieder einer geometrischen Folge ∑(k=0 bis n-1) ar^k?,a(1-r^n)/(1-r),a/(1-r),a(1-r)/(1-r^n),a(1+r^n)/(1+r),0,Die Summenformel für eine endliche geometrische Folge mit n Gliedern lautet S_n = a * (1-r^n)/(1-r) für r ≠ 1.,medium
Folgen und Reihen - Grundlagen,Berechnen Sie die Summe der arithmetischen Folge 2 + 5 + 8 + ... + 32.,171,187,170,165,1,Es ist eine arithmetische Folge mit d=3. an=a1+(n-1)d -> 32=2+(n-1)3 -> 30=(n-1)3 -> n-1=10 -> n=11. Summe S=11/2*(2+32)=5.534=187.,hard
Folgen und Reihen - Grundlagen,Was ist der Grenzwert von lim (n->inf) (n^2+2n)/(n^2-2^n)?,-1,0,1,Unendlich,1,Der Term 2^n im Nenner wächst exponentiell und damit schneller als jede Potenz von n. Der Grenzwert ist daher 0.,hard
Folgen und Reihen - Grundlagen,Berechnen Sie die Summe 1 - 7/8 + 49/64 - ....,15/8,8/15,1/15,8/1,1,"Dies ist eine geometrische Reihe mit a=1 und r=-7/8. Da |r|<1, konvergiert sie. Summe S = a/(1-r) = 1/(1 - (-7/8)) = 1/(15/8) = 8/15.",medium
Folgen und Reihen - Grundlagen,Was ist der Grenzwert von lim (n->inf) (2n^4 - 6n^2)/(5n^4 + 4)?,0,2/5,Unendlich,-3/2,1,Man teilt Zähler und Nenner durch die höchste Potenz des Nenners (n^4). Der Grenzwert ist das Verhältnis der Leitkoeffizienten: 2/5.,medium
Folgen und Reihen - Grundlagen,Was ist der Grenzwert der Folge ⁿ√n?,0,1,e,Unendlich,1,Dies ist ein Standardgrenzwert. Eine Verallgemeinerung von lim (n->inf) ⁿ√p = 1 ist lim (n->inf) ⁿ√n = 1.,medium
Folgen und Reihen - Binomialkoeffizienten,Was ist 5! (5 Fakultät)?,15,20,120,25,2,5! = 5 * 4 * 3 * 2 * 1 = 120.,easy
Folgen und Reihen - Binomialkoeffizienten,Wofür steht der Binomialkoeffizient (n über k)?,n! / k!,n! / (n-k)!,n! / (k! * (n-k)!),nk,2,Die Formel für den Binomialkoeffizienten (n k) ist n! / (k!(n-k)!).,easy
Folgen und Reihen - Binomialkoeffizienten,Berechnen Sie den Binomialkoeffizienten (5 über 2).,10,20,15,2.5,0,(5 über 2) = 5! / (2! * 3!) = 120 / (2 * 6) = 120 / 12 = 10.,easy
Folgen und Reihen - Binomialkoeffizienten,Welche Zahlenreihe bildet die dritte Zeile (n=2) des Pascalschen Dreiecks?,1,1,1,2,1,1,3
Folgen und Reihen - Binomialkoeffizienten,Was ist der Wert von (n über 0) für n>=0?,0,1,n,Nicht definiert,1,"(n über 0) = n! / (0! * n!) = 1, da 0! = 1 ist. Es gibt eine Möglichkeit, null Elemente auszuwählen.",easy
Folgen und Reihen - Binomialkoeffizienten,Was ist der Wert von (n über 1) für n>=1?,1,n,n-1,n!,1,(n über 1) = n! / (1! * (n-1)!) = n.,easy
Folgen und Reihen - Binomialkoeffizienten,Was ist der Wert von 0!?,0,1,Nicht definiert,Unendlich,1,Per Definition ist 0! = 1.,easy
Folgen und Reihen - Binomialkoeffizienten,Wie berechnet man eine Zahl im Pascalschen Dreieck?,Sie ist das Produkt der zwei Zahlen direkt darüber,Sie ist die Summe der zwei Zahlen direkt darüber,Sie ist die Differenz der zwei Zahlen direkt darüber,Sie ist der Quotient der zwei Zahlen direkt darüber,1,Jede Zahl im Pascalschen Dreieck ist die Summe der beiden direkt über ihr stehenden Zahlen.,medium
Folgen und Reihen - Binomialkoeffizienten,Wie lautet der Binomische Lehrsatz für (a+b)^n in Sigma-Notation?,∑(k=0 bis n) (n über k) a^k b^(n-k),∑(k=0 bis n) (n über k) a^(n-k) b^k,∑(k=1 bis n) (n über k) a^n b^k,∑(k=0 bis n) a^(n-k) b^k,1,Der binomische Lehrsatz lautet (a+b)^n = ∑(k=0 bis n) (n über k) a^(n-k)b^k.,medium
Folgen und Reihen - Binomialkoeffizienten,Berechnen Sie (7 über 3).,21,35,42,210,1,(7 über 3) = (765)/(321) = 35.,medium
Folgen und Reihen - Binomialkoeffizienten,Welche Symmetrieeigenschaft gilt für Binomialkoeffizienten?,(n über k) = (n über n-k),(n über k) = (n-k über k),(n über k) = (n über k-1),(n über k) = (k über n),0,Es gilt die Symmetrie (n über k) = n! / (k!(n-k)!) = n! / ((n-k)!k!) = (n über n-k).,medium
Folgen und Reihen - Binomialkoeffizienten,Was ist der Koeffizient des Terms a³b² in der Entwicklung von (a+b)⁵?,5,10,20,1,1,"Nach dem Binomischen Lehrsatz ist der Koeffizient von a^(n-k)b^k gleich (n über k). Hier ist n=5 und k=2, also (5 über 2) = 5!/(2!3!) = 10.",medium
Folgen und Reihen - Binomialkoeffizienten,Berechnen Sie die Summe ∑(k=0 bis 8) (8 über k).,256,8!,1,0,0,Nach dem Binomischen Lehrsatz ist dies gleich (1+1)^8 = 2^8 = 256.,hard
Folgen und Reihen - Binomialkoeffizienten,Berechnen Sie (10 über 8) mit der Vereinfachungsregel.,45,109/2,10!/8!,90,0,Wegen der Symmetrie ist (10 über 8) = (10 über 2). Das ist (109)/(21) = 45.,hard
Geometrie - Ebene,Was ist die allgemeine Gleichung einer Geraden in der Ebene?,y = mx + p,ax + by = c,x^2 + y^2 = r^2,(x-a)^2 + (y-b)^2 = r^2,1,"Die allgemeine lineare Gleichung in x und y ist ax + by = c, die eine Gerade beschreibt (solange a und b nicht beide Null sind).",easy
Geometrie - Ebene,Was ist die Steigung der Geraden y = -4/3 x + 4?,4,-4/3,3/4,y,1,In der Form y = mx + p ist m die Steigung. Hier ist m = -4/3.,easy
Geometrie - Ebene,Was ist der Abstand zwischen den Punkten A(4,9) und B(8,1)?,√80,10,8,√146,0
Geometrie - Ebene,Was ist der Radius des Kreises x^2 + y^2 - 4x - 6y + 4 = 0?,3,9,√13,4,0,"Durch quadratische Ergänzung erhält man (x-2)^2 + (y-3)^2 = 9. Da r^2=9 ist, ist der Radius r=3.",medium
Geometrie - Ebene,Was ist der Abstand des Punktes A(2,0) zur Geraden 2x-3y=4?,0,√13,2/√13,4,0,"Der Punkt A(2,0) erfüllt die Gleichung 2(2)-3(0)=4, also liegt der Punkt auf der Geraden. Der Abstand ist 0."
Geometrie - Vektoren,Berechnen Sie das Skalarprodukt von a=(1,1,1) und b=(1,-1,-1).,3,1,-1
Geometrie - Vektoren,Bestimmen Sie die Länge des Vektors a=(1,2,2).,3,5,9,√9,0
Geometrie - Vektoren,Bestimmen Sie den Abstand vom Ursprung zur Ebene 3x+4y=5.,1,5,5/√(3^2+4^2),√5,0,"Die Formel für den Abstand eines Punktes (x0,y0) zu ax+by-c=0 ist |ax0+by0-c|/√(a^2+b^2). Hier |30+40-5|/√(9+16) = |-5|/5 = 1.",medium
Geometrie - Vektoren,Wie ist die gegenseitige Lage der Ebenen x+y+z=1 und 2x+2y+2z=3?,Sie sind identisch,Sie schneiden sich in einer Geraden,Sie sind parallel und verschieden,Sie sind orthogonal,2,"Der Normalenvektor der zweiten Ebene (2,2,2) ist ein Vielfaches des ersten (1,1,1). Die Ebenen sind also parallel. Da die zweite Gleichung nicht das Doppelte der ersten ist (2!=3), sind sie verschieden.",medium
Geometrie - Vektoren,Bestimmen Sie den Winkel zwischen den Geraden x+y=-1 und x-2y=4 in Grad (auf ganze Zahl gerundet).,45°,90°,72°,108°,2,"Die Normalenvektoren sind n1=(1,1) und n2=(1,-2). cos(phi) = <n1,n2>/(|n1||n2|) = (1-2)/(√2 * √5) = -1/√10 ≈ -0.316. phi ≈ arccos(-0.316) ≈ 108°. Der Winkel zwischen Geraden ist der kleinere Winkel, also 180-108 = 72°.",hard
Geometrie - Vektoren,Welche Parameterdarstellung beschreibt die Schnittgerade der Ebenen E1: x+y+z=1 und E2: x-y=2?,"(2,0,-1) + t(1,1,-2)","(1,1,-1) + t(1,-1,0)","(2,-1,0) + t(1,1,1)","(0,0,1) + t(1,0,-1)",0,"Aus E2 folgt x=2+y. Einsetzen in E1 ergibt (2+y)+y+z=1, also 2y+z=-1. Wählt man y=t als Parameter, so folgt x=2+t und z=-1-2t. Dies entspricht dem Aufpunkt (2,0,-1) und dem Richtungsvektor (1,1,-2).",hard
Funktionen - Graphen und Eigenschaften,Welche Art von Funktion wird durch f(x) = mx + p beschrieben?,Quadratische Funktion,Lineare Funktion,Potenzfunktion,Exponentialfunktion,1,f(x) = mx+p ist die allgemeine Form einer linearen Funktion (oder Funktion ersten Grades).,easy
Funktionen - Graphen und Eigenschaften,Was ist der Graph einer quadratischen Funktion f(x) = ax^2 + bx + c?,Eine Gerade,Ein Kreis,Eine Parabel,Eine Hyperbel,2,Der Graph einer quadratischen Funktion ist immer eine Parabel.,easy
Funktionen - Graphen und Eigenschaften,Was ist der Definitionsbereich der Funktion f(x) = √x?,Alle reellen Zahlen,x > 0,x >= 0,x < 0,2,Die Quadratwurzel ist im Reellen nur für nicht-negative Zahlen definiert.,easy
Funktionen - Graphen und Eigenschaften,Welche Symmetrie hat der Graph der Funktion f(x) = x^3?,Achsensymmetrisch zur y-Achse,Punktsymmetrisch zum Ursprung,Keine Symmetrie,Achsensymmetrisch zur x-Achse,1,"Da x^3 eine ungerade Potenz ist, ist die Funktion ungerade und ihr Graph punktsymmetrisch zum Ursprung.",easy
Funktionen - Graphen und Eigenschaften,Was ist die waagerechte Asymptote der Funktion f(x) = (2x+4)/(x-3)?,y=2,y=3,x=2,x=3,0,"Für sehr große |x| nähert sich der Wert des Bruchs dem Verhältnis der Leitkoeffizienten an, also 2/1=2. Die Asymptote ist y=2.",easy
Funktionen - Graphen und Eigenschaften,Was ist die senkrechte Asymptote der Funktion f(x) = (2x+4)/(x-3)?,y=2,y=-4/2,x=3,x=-3,2,"Eine senkrechte Asymptote liegt vor, wo der Nenner Null wird, also bei x-3=0 -> x=3.",easy
Funktionen - Graphen und Eigenschaften,Welche Funktion ist weder gerade noch ungerade?,f(x) = x^2,f(x) = sin(x),f(x) = x+1,f(x) = |x|,2,f(-x) = -x+1. Dies ist weder f(x) noch -f(x).,easy
Funktionen - Graphen und Eigenschaften,Für welche x gilt |x^2-1| = 0?,x=0,x=1,x=-1,x=1 oder x=-1,3,"Der Betrag ist Null, wenn der Ausdruck innen Null ist. x^2-1=0 hat die Lösungen x=1 und x=-1.",medium
Funktionen - Graphen und Eigenschaften,Was ist der Grad des Polynoms f(x) = 3x^4 - 7x^3 + 2?,4,3,7,2,0,Der Grad eines Polynoms ist der höchste Exponent der Variable. Hier ist das 4.,medium
Funktionen - Exponential und Logarithmus,Was ist ln(x)?,Der Logarithmus zur Basis 10,Der Logarithmus zur Basis 2,Der natürliche Logarithmus (Basis e),Ein Logarithmus mit negativer Basis,2,"ln(x) ist die Notation für den natürlichen Logarithmus, den Logarithmus zur Basis e (Eulersche Zahl).",easy
Funktionen - Exponential und Logarithmus,Lösen Sie die Gleichung ln(x) = 2.,x=e^2,x=2e,x=100,x=2,0,"Aus der Definition des Logarithmus folgt: wenn ln(x)=2, dann ist x = e^2.",medium
Funktionen - Exponential und Logarithmus,Lösen Sie die Gleichung 3^(x+1) = 27.,x=1,x=2,x=3,x=8,1,27 ist 3^3. Also muss der Exponent gleich 3 sein: x+1=3 -> x=2.,hard
Funktionen - Exponential und Logarithmus,Was ist der Grenzwert von lim (x->0) (e^x - 1)/x?,0,e,1,Unendlich,2,"Dies ist ein Standardgrenzwert, der die Steigung der e-Funktion im Punkt (0,1) beschreibt und den Wert 1 hat.",hard
Analysis - Differenzialrechnung,Was beschreibt die erste Ableitung f'(x) einer Funktion f(x) an einem Punkt x?,Den Funktionswert,Die Fläche unter dem Graphen,Die Steigung der Tangente an den Graphen,Den Wendepunkt,2,"Die erste Ableitung f'(a) gibt die Steigung der Tangente an den Graphen von f im Punkt (a, f(a)) an.",easy
Analysis - Differenzialrechnung,Was ist die Ableitung von f(x) = x^n?,nx^(n-1),x^(n+1)/(n+1),nx^n,(n-1)x^n,0,Die Potenzregel der Ableitung lautet (x^n)' = nx^(n-1).,easy
Analysis - Differenzialrechnung,Was ist die Ableitung von f(x) = c (einer Konstante)?,c,1,0,x,2,"Die Ableitung einer konstanten Funktion ist immer Null, da die Steigung der Geraden y=c Null ist.",easy
Analysis - Differenzialrechnung,Was ist die Ableitung von f(x) = sin(x)?,cos(x),-sin(x),-cos(x),tan(x),0,Die Ableitung von sin(x) ist cos(x).,easy
Analysis - Differenzialrechnung,Was ist die Ableitung von f(x) = e^x?,e^x,xe^(x-1),ln(x),1,0,Die e-Funktion ist ihre eigene Ableitung.,easy
Analysis - Differenzialrechnung,Wie lautet die Produktregel für die Ableitung von f(x)g(x)?,f'(x)g'(x),f'(x)g(x) - f(x)g'(x),f'(x)g(x) + f(x)g'(x),f(x)/g'(x) + f'(x)/g(x),2,Die Produktregel lautet (fg)' = f'g + fg'.,easy
Analysis - Differenzialrechnung,Wie lautet die Kettenregel für die Ableitung von f(g(x))?,f'(g'(x)),f'(x)g'(x),f'(g(x)) * g'(x),f'(g(x)) + g'(x),2,Die Kettenregel (Nachdifferenzieren) lautet: (f(g(x)))' = f'(g(x)) * g'(x).,easy
Analysis - Differenzialrechnung,Was ist die Ableitung von f(x) = 5x^3?,15x^2,5x^2,15x^3,8x^2,0,Mit der Potenz- und Faktorregel: 5 * (3x^2) = 15x^2.,easy
Analysis - Differenzialrechnung,Was ist die Ableitung von f(x) = ln(x)?,x,1/x,e^x,1,1,Die Ableitung des natürlichen Logarithmus ln(x) ist 1/x.,medium
Analysis - Differenzialrechnung,Finden Sie die Ableitung von f(x) = x * sin(x).,sin(x) + xcos(x),cos(x),xcos(x),1cos(x),0,Mit der Produktregel: (x)' * sin(x) + x * (sin(x))' = 1sin(x) + xcos(x).,medium
Analysis - Differenzialrechnung,Finden Sie die Ableitung von f(x) = e^(2x).,e^(2x),2x * e^(2x-1),2 * e^(2x),e^2 * e^x,2,"Mit der Kettenregel: die Ableitung der äußeren Funktion (e^u) ist e^u, die Ableitung der inneren Funktion (2x) ist 2. Ergebnis: e^(2x) * 2.",medium
Analysis - Differenzialrechnung,Wie lautet die Quotientenregel für f(x)/g(x)?,(f'g - fg')/g^2,(f'g + fg')/g^2,f'/g',f'g' - fg,0,Die Quotientenregel lautet (f/g)' = (f'g - fg') / g^2.,medium
Analysis - Differenzialrechnung,Wann ist eine Funktion f(x) monoton wachsend auf einem Intervall I?,Wenn f'(x) < 0 für alle x in I,Wenn f'(x) = 0 für alle x in I,Wenn f'(x) > 0 für alle x in I,Wenn f'(x) >= 0 für alle x in I,3,"Eine differenzierbare Funktion ist monoton wachsend, wenn ihre Ableitung nicht-negativ ist (f'(x) >= 0).",medium
Analysis - Differenzialrechnung,Finden Sie die zweite Ableitung von f(x) = x^3.,6x,3x,6x^2,3x^2,0,Die erste Ableitung ist f'(x) = 3x^2. Die zweite Ableitung ist f''(x) = 6x.,medium
Analysis - Differenzialrechnung,Was ist die Ableitung von f(x) = ln(x^2+1)?,1/(x^2+1),2x/(x^2+1),2xln(x^2+1),1/x * 2x,1,"Kettenregel: Äußere Ableitung 1/u, innere Ableitung 2x. Ergibt 1/(x^2+1) * 2x.",hard
Analysis - Differenzialrechnung,Finden Sie die Ableitung von f(x) = x^x.,xx^(x-1),x^x * (1+ln(x)),(ln(x)+1),e^(xln(x)),1,Schreibe f(x) = e^(xln(x)). Ableiten mit Ketten- und Produktregel: e^(xln(x)) * (1ln(x) + x1/x) = x^x * (ln(x)+1).,hard
Analysis - Differenzialrechnung,Finden Sie die Ableitung von f(x) = arcsin(x).,1/√(1-x^2),-1/√(1-x^2),1/(1+x^2),arccos(x),0,"Dies ist eine Standardableitung, die im Formelteil des Lehrbuchs aufgeführt ist.",hard
Analysis - Integralrechnung,Was ist das unbestimmte Integral von f(x)=x^n (für n≠-1)?,nx^(n-1) + C,x^(n+1) + C,x^(n+1)/(n+1) + C,x^n + C,2,Die Umkehrung der Potenzregel lautet ∫x^n dx = x^(n+1)/(n+1) + C.,easy
Analysis - Integralrechnung,Was ist das unbestimmte Integral von f(x)=cos(x)?,sin(x) + C,-sin(x) + C,cos(x) + C,tan(x) + C,0,"Die Ableitung von sin(x) ist cos(x), also ist die Stammfunktion von cos(x) gleich sin(x) + C.",easy
Analysis - Integralrechnung,Was ist das unbestimmte Integral von f(x)=e^x?,e^x + C,xe^x + C,ln(x) + C,1,0,Die e-Funktion ist ihre eigene Stammfunktion (plus Integrationskonstante C).,easy
Analysis - Integralrechnung,Was ist das unbestimmte Integral von f(x)=1/x?,ln(x) + C,ln|x| + C,-1/x^2 + C,x,1,"Die Stammfunktion von 1/x ist ln|x| + C. Der Betrag ist wichtig, da der Logarithmus nur für positive Zahlen definiert ist, 1/x aber auch für negative.",easy
Analysis - Integralrechnung,Was berechnet das bestimmte Integral ∫(von a bis b) f(x)dx?,Die Steigung der Funktion,Den Wert der Stammfunktion an der Stelle b,Die Summe der Funktionswerte,Den Flächeninhalt zwischen Graph und x-Achse (mit Vorzeichen),3,"Das bestimmte Integral gibt den orientierten Flächeninhalt zwischen dem Graphen von f(x) und der x-Achse im Intervall [a,b] an.",easy
Analysis - Integralrechnung,Wie berechnet man ∫(von a bis b) f(x)dx mit einer Stammfunktion F(x)?,F(b) * F(a),F(b) - F(a),F(a) - F(b),F(b)/F(a),1,Der Hauptsatz der Differential- und Integralrechnung besagt ∫(von a bis b) f(x)dx = F(b) - F(a).,easy
Analysis - Integralrechnung,Berechnen Sie das Integral ∫(von 0 bis 1) x^2 dx.,1,1/3,1/2,2,1,Eine Stammfunktion ist F(x) = x^3/3. Das Integral ist F(1)-F(0) = 1^3/3 - 0^3/3 = 1/3.,easy
Analysis - Integralrechnung,Was ist das Integral von f(x)=x^3 von x=0 bis x=2?,4,8,16,2,0,Eine Stammfunktion ist F(x)=x^4/4. F(2)-F(0) = 16/4 - 0 = 4.,medium
Analysis - Integralrechnung,Wie lautet die Regel für die partielle Integration?,∫u dv = uv - ∫v du,∫u dv = uv + ∫v du,∫u/v = (∫u)/(∫v),∫uv = (∫u)(∫v),0,Die Formel für die partielle Integration lautet ∫u dv = uv - ∫v du.,medium
Analysis - Integralrechnung,Wie lautet die Substitutionsregel für ∫f(g(x))g'(x)dx?,∫f(u) du mit u=g(x),∫f(x) dx,f(g(x)) + C,∫g(u) du mit u=f(x),0,"Setzt man u=g(x), dann ist du=g'(x)dx. Das Integral vereinfacht sich zu ∫f(u)du.",medium
Analysis - Integralrechnung,Berechnen Sie ∫ xsin(x^2) dx.,-1/2 * cos(x^2) + C,cos(x^2) + C,2xcos(x^2) + C,1/2 * sin(x^2) + C,0,"Mit Substitution u=x^2, du=2xdx. Das Integral wird zu 1/2 ∫sin(u)du = -1/2 cos(u) + C = -1/2 cos(x^2) + C.",medium
Analysis - Integralrechnung,Was ist ∫ (von 0 bis π) sin(x)dx?,0,1,2,-2,2,Eine Stammfunktion ist -cos(x). Das Integral ist -cos(π) - (-cos(0)) = -(-1) - (-1) = 1+1=2.,medium
Analysis - Integralrechnung,Berechnen Sie ∫ 1/(1+x^2) dx.,arctan(x) + C,ln(1+x^2) + C,arcsin(x) + C,2x/(1+x^2)^2 + C,0,Dies ist die Standardstammfunktion für den Arcustangens.,medium
Analysis - Integralrechnung,Berechnen Sie ∫ xe^x dx mittels partieller Integration.,(x-1)e^x + C,(x+1)e^x + C,xe^x + C,e^x + C,0,Setze u=x und dv=e^x dx. Dann du=dx und v=e^x. ∫xe^x dx = xe^x - ∫e^x dx = xe^x - e^x + C = (x-1)e^x + C.,hard
Analysis - Integralrechnung,Berechnen Sie ∫ (von 1 bis ∞) 1/x^2 dx.,0,1,Unendlich,-1,1,Eine Stammfunktion ist -1/x. Der Grenzwert von (-1/M) - (-1/1) für M->∞ ist 0 - (-1) = 1.,hard
Analysis - Integralrechnung,Berechnen Sie ∫ (von 0 bis 1) x(1-x)^4 dx.,1/30,1/5,4/5,29/30,0,"Substitution u=1-x, du=-dx, x=1-u. Grenzen werden zu u=1 und u=0. Integral: ∫(von 1 bis 0) (1-u)u^4 (-du) = ∫(von 0 bis 1) (u^4-u^5)du = [u^5/5 - u^6/6] von 0 bis 1 = 1/5 - 1/6 = 1/30.",hard
Analysis - Integralrechnung,Berechnen Sie ∫ (von -π bis π) sin^2(x) dx.,0,π/2,π,2π,2,Man benutzt die Formel sin^2(x) = (1-cos(2x))/2. ∫(1/2 - 1/2 cos(2x))dx = [x/2 - 1/4 sin(2x)]. Eingesetzt von -π bis π ergibt (π/2 - 0) - (-π/2 - 0) = π.,hard
